value,step,phi
12,0,0.055033
12,20,0.094358
12,40,0.082984
12,60,0.073188
12,80,0.064006
12,100,0.055217
12,120,0.041247
12,140,0.059745
12,160,0.108166
12,180,0.166901
12,200,0.136031
12,220,0.182470
12,240,0.158730
12,260,0.193733
12,280,0.218052
12,300,0.238355
12,320,0.227110
12,340,0.208388
12,360,0.155435
12,380,0.153400
12,400,0.166386
12,420,0.188061
12,440,0.363772
12,460,0.388287
12,480,0.241405
12,500,0.208670
12,520,0.120145
12,540,0.081407
12,560,0.088984
12,580,0.074787
12,600,0.130336
12,620,0.144006
12,640,0.075217
12,660,0.073666
12,680,0.092931
12,700,0.084789
12,720,0.173095
12,740,0.270408
12,760,0.296291
12,780,0.316946
12,800,0.300182
12,820,0.285632
12,840,0.224909
12,860,0.201829
12,880,0.157948
12,900,0.168759
12,920,0.184423
12,940,0.262166
12,960,0.276365
12,980,0.306126
12,1000,0.294713
12,1020,0.309617
12,1040,0.319078
12,1060,0.186441
12,1080,0.188116
12,1100,0.158900
12,1120,0.223861
12,1140,0.132876
12,1160,0.113568
12,1180,0.126718
12,1200,0.097059
12,1220,0.096500
12,1240,0.113538
12,1260,0.156510
12,1280,0.146617
12,1300,0.213347
12,1320,0.250975
12,1340,0.215549
12,1360,0.295384
12,1380,0.235398
12,1400,0.158550
12,1420,0.129278
12,1440,0.193023
12,1460,0.240928
12,1480,0.400824
12,1500,0.523057
12,1520,0.529525
12,1540,0.515063
12,1560,0.456680
12,1580,0.505858
12,1600,0.499018
12,1620,0.482139
12,1640,0.554173
12,1660,0.566651
12,1680,0.491466
12,1700,0.313402
12,1720,0.331122
12,1740,0.287088
12,1760,0.161451
12,1780,0.248300
12,1800,0.363368
12,1820,0.352420
12,1840,0.289770
12,1860,0.311489
12,1880,0.274623
12,1900,0.302438
12,1920,0.327239
12,1940,0.360637
12,1960,0.365803
12,1980,0.314950
12,2000,0.260430
12,2020,0.271223
12,2040,0.278315
12,2060,0.255092
12,2080,0.305329
12,2100,0.356433
12,2120,0.361195
12,2140,0.307879
12,2160,0.401316
12,2180,0.388964
12,2200,0.345431
12,2220,0.269547
12,2240,0.209194
12,2260,0.146625
12,2280,0.263398
12,2300,0.298167
12,2320,0.341977
12,2340,0.409004
12,2360,0.432620
12,2380,0.494375
12,2400,0.613800
12,2420,0.598732
12,2440,0.579132
12,2460,0.572704
12,2480,0.551175
12,2500,0.581240
12,2520,0.596288
12,2540,0.543114
12,2560,0.544675
12,2580,0.545044
12,2600,0.555556
12,2620,0.568586
12,2640,0.521694
12,2660,0.546885
12,2680,0.444877
12,2700,0.422375
12,2720,0.565693
12,2740,0.589646
12,2760,0.604449
12,2780,0.609602
12,2800,0.651419
12,2820,0.615078
12,2840,0.556821
12,2860,0.354457
12,2880,0.251991
12,2900,0.341373
12,2920,0.322156
12,2940,0.318918
12,2960,0.287529
12,2980,0.297913
12,3000,0.319320
12,3020,0.483617
12,3040,0.565552
12,3060,0.577356
12,3080,0.592972
12,3100,0.552997
12,3120,0.594148
12,3140,0.634507
12,3160,0.604851
12,3180,0.567132
12,3200,0.545031
12,3220,0.605429
12,3240,0.567864
12,3260,0.652698
12,3280,0.557718
12,3300,0.549315
12,3320,0.588601
12,3340,0.577302
12,3360,0.551879
12,3380,0.500841
12,3400,0.497227
12,3420,0.514187
12,3440,0.558429
12,3460,0.621482
12,3480,0.584062
12,3500,0.500662
12,3520,0.450521
12,3540,0.458394
12,3560,0.429781
12,3580,0.430199
12,3600,0.434004
12,3620,0.485569
12,3640,0.523290
12,3660,0.538314
12,3680,0.602963
12,3700,0.619396
12,3720,0.627155
12,3740,0.616777
12,3760,0.627152
12,3780,0.567515
12,3800,0.566546
12,3820,0.554986
12,3840,0.586033
12,3860,0.486227
12,3880,0.590942
12,3900,0.615915
12,3920,0.588833
12,3940,0.636063
12,3960,0.590109
12,3980,0.569349
12,4000,0.471625
12,4020,0.282136
12,4040,0.256652
12,4060,0.339268
12,4080,0.318121
12,4100,0.286077
12,4120,0.290036
12,4140,0.239451
12,4160,0.167698
12,4180,0.224916
12,4200,0.308705
12,4220,0.343670
12,4240,0.400075
12,4260,0.406127
12,4280,0.434625
12,4300,0.468238
12,4320,0.488593
12,4340,0.400231
12,4360,0.431038
12,4380,0.505857
12,4400,0.511675
12,4420,0.464050
12,4440,0.496099
12,4460,0.606151
12,4480,0.621472
12,4500,0.582678
12,4520,0.554636
12,4540,0.466818
12,4560,0.494843
12,4580,0.489756
12,4600,0.563967
12,4620,0.547759
12,4640,0.539907
12,4660,0.601145
12,4680,0.591698
12,4700,0.572612
12,4720,0.531023
12,4740,0.568916
12,4760,0.599757
12,4780,0.649266
12,4800,0.688459
12,4820,0.636964
12,4840,0.578728
12,4860,0.570887
12,4880,0.606381
12,4900,0.671562
12,4920,0.608839
12,4940,0.467817
12,4960,0.459637
12,4980,0.488655
12,5000,0.405245
12,5020,0.434367
12,5040,0.406725
12,5060,0.387065
12,5080,0.388424
12,5100,0.397743
12,5120,0.403356
12,5140,0.376024
12,5160,0.352787
12,5180,0.383696
12,5200,0.384553
12,5220,0.404166
12,5240,0.320363
12,5260,0.280530
12,5280,0.294620
12,5300,0.369536
12,5320,0.404629
12,5340,0.516773
12,5360,0.486659
12,5380,0.509257
12,5400,0.534832
12,5420,0.503133
12,5440,0.413422
12,5460,0.294438
12,5480,0.269775
12,5500,0.289984
12,5520,0.365290
12,5540,0.565066
12,5560,0.679956
12,5580,0.712604
12,5600,0.694627
12,5620,0.652176
12,5640,0.623526
12,5660,0.541989
12,5680,0.602603
12,5700,0.648768
12,5720,0.700739
12,5740,0.645080
12,5760,0.622057
12,5780,0.591362
12,5800,0.585333
12,5820,0.605507
12,5840,0.634068
12,5860,0.614616
12,5880,0.703548
12,5900,0.688976
12,5920,0.604065
12,5940,0.520808
12,5960,0.495426
12,5980,0.461227
12,6000,0.482485
12,6020,0.421566
12,6040,0.379957
12,6060,0.406618
12,6080,0.367879
12,6100,0.403839
12,6120,0.265978
12,6140,0.204419
12,6160,0.198388
12,6180,0.164581
12,6200,0.099133
12,6220,0.071982
12,6240,0.116908
12,6260,0.195197
12,6280,0.371092
12,6300,0.552364
12,6320,0.522723
12,6340,0.264100
12,6360,0.303095
12,6380,0.342189
12,6400,0.273934
12,6420,0.277371
12,6440,0.182275
12,6460,0.196438
12,6480,0.201538
12,6500,0.138433
12,6520,0.182525
12,6540,0.259757
12,6560,0.222879
12,6580,0.157098
12,6600,0.142865
12,6620,0.142138
12,6640,0.206156
12,6660,0.174625
12,6680,0.126220
12,6700,0.133044
12,6720,0.215711
12,6740,0.282386
12,6760,0.295849
12,6780,0.333679
12,6800,0.349584
12,6820,0.355824
12,6840,0.393490
12,6860,0.398121
12,6880,0.316166
12,6900,0.288616
12,6920,0.374804
12,6940,0.497837
12,6960,0.580292
12,6980,0.465133
12,7000,0.526334
12,7020,0.581735
12,7040,0.625631
12,7060,0.622722
12,7080,0.513121
12,7100,0.423223
12,7120,0.376130
12,7140,0.388436
12,7160,0.378338
12,7180,0.402374
12,7200,0.350453
12,7220,0.349698
12,7240,0.349075
12,7260,0.296395
12,7280,0.315821
12,7300,0.343464
12,7320,0.326442
12,7340,0.304952
12,7360,0.304720
12,7380,0.246008
12,7400,0.241452
12,7420,0.229987
12,7440,0.224409
12,7460,0.215693
12,7480,0.209272
12,7500,0.136415
12,7520,0.098453
12,7540,0.165469
12,7560,0.209640
12,7580,0.146710
12,7600,0.237927
12,7620,0.256966
12,7640,0.374265
12,7660,0.395420
12,7680,0.543427
12,7700,0.615317
12,7720,0.612835
12,7740,0.601668
12,7760,0.606413
12,7780,0.568720
12,7800,0.552158
12,7820,0.566818
12,7840,0.544262
12,7860,0.560321
12,7880,0.502124
12,7900,0.431348
12,7920,0.425955
12,7940,0.419878
12,7960,0.369998
12,7980,0.313147
12,8000,0.354143
12,8020,0.401024
12,8040,0.519368
12,8060,0.599314
12,8080,0.643636
12,8100,0.546042
12,8120,0.527153
12,8140,0.530412
12,8160,0.358212
12,8180,0.378462
12,8200,0.397095
12,8220,0.395161
12,8240,0.376372
12,8260,0.372026
12,8280,0.429070
12,8300,0.430267
12,8320,0.425231
12,8340,0.458029
12,8360,0.360598
12,8380,0.283840
12,8400,0.297975
12,8420,0.390415
12,8440,0.399580
12,8460,0.422670
12,8480,0.408714
12,8500,0.310142
12,8520,0.183252
12,8540,0.200492
12,8560,0.274377
12,8580,0.345288
12,8600,0.443483
12,8620,0.451529
12,8640,0.428665
12,8660,0.473978
12,8680,0.410438
12,8700,0.433027
12,8720,0.467665
12,8740,0.503084
12,8760,0.467737
12,8780,0.397493
12,8800,0.380856
12,8820,0.480965
12,8840,0.558902
12,8860,0.687139
12,8880,0.738461
12,8900,0.741091
12,8920,0.633844
12,8940,0.555380
12,8960,0.597367
12,8980,0.585040
48,0,0.055970
48,20,0.081625
48,40,0.104659
48,60,0.142498
48,80,0.130690
48,100,0.148993
48,120,0.164345
48,140,0.148976
48,160,0.201091
48,180,0.220312
48,200,0.264542
48,220,0.238860
48,240,0.302919
48,260,0.299555
48,280,0.242432
48,300,0.197917
48,320,0.244795
48,340,0.244276
48,360,0.261744
48,380,0.250644
48,400,0.278906
48,420,0.392261
48,440,0.336889
48,460,0.314238
48,480,0.266061
48,500,0.268815
48,520,0.231435
48,540,0.265606
48,560,0.316869
48,580,0.319283
48,600,0.300204
48,620,0.204783
48,640,0.187898
48,660,0.196757
48,680,0.285912
48,700,0.220277
48,720,0.235816
48,740,0.250327
48,760,0.320539
48,780,0.375954
48,800,0.411662
48,820,0.101484
48,840,0.309880
48,860,0.261187
48,880,0.249749
48,900,0.181890
48,920,0.147789
48,940,0.223978
48,960,0.200960
48,980,0.172566
48,1000,0.243409
48,1020,0.176531
48,1040,0.240078
48,1060,0.221716
48,1080,0.193641
48,1100,0.152926
48,1120,0.149911
48,1140,0.278581
48,1160,0.311599
48,1180,0.300344
48,1200,0.380708
48,1220,0.359031
48,1240,0.380627
48,1260,0.318543
48,1280,0.304403
48,1300,0.300723
48,1320,0.313495
48,1340,0.316043
48,1360,0.259160
48,1380,0.240208
48,1400,0.216369
48,1420,0.264798
48,1440,0.349092
48,1460,0.359109
48,1480,0.372567
48,1500,0.294832
48,1520,0.451124
48,1540,0.390491
48,1560,0.366970
48,1580,0.401447
48,1600,0.419957
48,1620,0.371128
48,1640,0.134102
48,1660,0.170134
48,1680,0.250245
48,1700,0.185544
48,1720,0.220051
48,1740,0.213775
48,1760,0.339363
48,1780,0.374610
48,1800,0.372114
48,1820,0.398707
48,1840,0.394292
48,1860,0.514724
48,1880,0.483949
48,1900,0.395943
48,1920,0.453114
48,1940,0.454641
48,1960,0.465660
48,1980,0.491918
48,2000,0.505199
48,2020,0.507395
48,2040,0.483453
48,2060,0.324046
48,2080,0.337505
48,2100,0.367440
48,2120,0.310039
48,2140,0.276579
48,2160,0.672207
48,2180,0.578700
48,2200,0.618796
48,2220,0.641838
48,2240,0.644739
48,2260,0.638391
48,2280,0.607184
48,2300,0.553131
48,2320,0.538185
48,2340,0.520329
48,2360,0.517826
48,2380,0.510222
48,2400,0.441096
48,2420,0.579012
48,2440,0.608363
48,2460,0.591593
48,2480,0.527683
48,2500,0.660274
48,2520,0.507965
48,2540,0.571895
48,2560,0.578922
48,2580,0.579321
48,2600,0.584383
48,2620,0.585290
48,2640,0.603133
48,2660,0.607369
48,2680,0.590227
48,2700,0.568431
48,2720,0.536991
48,2740,0.474355
48,2760,0.366794
48,2780,0.436352
48,2800,0.662666
48,2820,0.480662
48,2840,0.242582
48,2860,0.265617
48,2880,0.277187
48,2900,0.266580
48,2920,0.246611
48,2940,0.494142
48,2960,0.336509
48,2980,0.289136
48,3000,0.269701
48,3020,0.242567
48,3040,0.229102
48,3060,0.228745
48,3080,0.454080
48,3100,0.571486
48,3120,0.552251
48,3140,0.651528
48,3160,0.712763
48,3180,0.602851
48,3200,0.448541
48,3220,0.433517
48,3240,0.408372
48,3260,0.393529
48,3280,0.400364
48,3300,0.391300
48,3320,0.613897
48,3340,0.712155
48,3360,0.684329
48,3380,0.678867
48,3400,0.668426
48,3420,0.509314
48,3440,0.530775
48,3460,0.547240
48,3480,0.510781
48,3500,0.479435
48,3520,0.486102
48,3540,0.537996
48,3560,0.798053
48,3580,0.869550
48,3600,0.593891
48,3620,0.434893
48,3640,0.445085
48,3660,0.454716
48,3680,0.428632
48,3700,0.404303
48,3720,0.371898
48,3740,0.370133
48,3760,0.384962
48,3780,0.555068
48,3800,0.638586
48,3820,0.752553
48,3840,0.866759
48,3860,0.964406
48,3880,0.858139
48,3900,0.735919
48,3920,0.958689
48,3940,0.977474
48,3960,0.859980
48,3980,0.769630
48,4000,0.968636
48,4020,0.978612
48,4040,0.980505
48,4060,0.981514
48,4080,0.982501
48,4100,0.982549
48,4120,0.981388
48,4140,0.981531
48,4160,0.981410
48,4180,0.980494
48,4200,0.980289
48,4220,0.981123
48,4240,0.980752
48,4260,0.980384
48,4280,0.980251
48,4300,0.955971
48,4320,0.937738
48,4340,0.775117
48,4360,0.745468
48,4380,0.948822
48,4400,0.993084
48,4420,0.994180
48,4440,0.994222
48,4460,0.992870
48,4480,0.991690
48,4500,0.629162
48,4520,0.942767
48,4540,0.958197
48,4560,0.960178
48,4580,0.961871
48,4600,0.962650
48,4620,0.961765
48,4640,0.962144
48,4660,0.961115
48,4680,0.961897
48,4700,0.961875
48,4720,0.961412
48,4740,0.961873
48,4760,0.961798
48,4780,0.879124
48,4800,0.750974
48,4820,0.858936
48,4840,0.970431
48,4860,0.975553
48,4880,0.976617
48,4900,0.978017
48,4920,0.979461
48,4940,0.978477
48,4960,0.977429
48,4980,0.848944
48,5000,0.747950
48,5020,0.678291
48,5040,0.976348
48,5060,0.992907
48,5080,0.994959
48,5100,0.994466
48,5120,0.994069
48,5140,0.993381
48,5160,0.992395
48,5180,0.992391
48,5200,0.993033
48,5220,0.928664
48,5240,0.560820
48,5260,0.948435
48,5280,0.960694
48,5300,0.963210
48,5320,0.964289
48,5340,0.964700
48,5360,0.964587
48,5380,0.987492
48,5400,0.986733
48,5420,0.986964
48,5440,0.987375
48,5460,0.987571
48,5480,0.987660
48,5500,0.984246
48,5520,0.977803
48,5540,0.969007
48,5560,0.967317
48,5580,0.933129
48,5600,0.835638
48,5620,0.780616
48,5640,0.809669
48,5660,0.891970
48,5680,0.907430
48,5700,0.630519
48,5720,0.967972
48,5740,0.964744
48,5760,0.965842
48,5780,0.906263
48,5800,0.907386
48,5820,0.907867
48,5840,0.907914
48,5860,0.912249
48,5880,0.935141
48,5900,0.967621
48,5920,0.970673
48,5940,0.969983
48,5960,0.970268
48,5980,0.830050
48,6000,0.614643
48,6020,0.942849
48,6040,0.958744
48,6060,0.961950
48,6080,0.962441
48,6100,0.962326
48,6120,0.961887
48,6140,0.961886
48,6160,0.910867
48,6180,0.812643
48,6200,0.877825
48,6220,0.969090
48,6240,0.974662
48,6260,0.977420
48,6280,0.979139
48,6300,0.978953
48,6320,0.904565
48,6340,0.784741
48,6360,0.951568
48,6380,0.976947
48,6400,0.981161
48,6420,0.983981
48,6440,0.982953
48,6460,0.963769
48,6480,0.611826
48,6500,0.936100
48,6520,0.983416
48,6540,0.988900
48,6560,0.990486
48,6580,0.990833
48,6600,0.989423
48,6620,0.989675
48,6640,0.989818
48,6660,0.928731
48,6680,0.878841
48,6700,0.775522
48,6720,0.954086
48,6740,0.966277
48,6760,0.969268
48,6780,0.970574
48,6800,0.972267
48,6820,0.971068
48,6840,0.969820
48,6860,0.967086
48,6880,0.851187
48,6900,0.722239
48,6920,0.909798
48,6940,0.962258
48,6960,0.967309
48,6980,0.967716
48,7000,0.967937
48,7020,0.967318
48,7040,0.850889
48,7060,0.756768
48,7080,0.945860
48,7100,0.957397
48,7120,0.960807
48,7140,0.961115
48,7160,0.960148
48,7180,0.902283
48,7200,0.723726
48,7220,0.874097
48,7240,0.971660
48,7260,0.979188
48,7280,0.981707
48,7300,0.981944
48,7320,0.981182
48,7340,0.979817
48,7360,0.980466
48,7380,0.949975
48,7400,0.846409
48,7420,0.684305
48,7440,0.958487
48,7460,0.979232
48,7480,0.984199
48,7500,0.984834
48,7520,0.984177
48,7540,0.985054
48,7560,0.984979
48,7580,0.985801
48,7600,0.935362
48,7620,0.793447
48,7640,0.968082
48,7660,0.987256
48,7680,0.991414
48,7700,0.961534
48,7720,0.617389
48,7740,0.897098
48,7760,0.961230
48,7780,0.964981
48,7800,0.965172
48,7820,0.966333
48,7840,0.967009
48,7860,0.966176
48,7880,0.965587
48,7900,0.965918
48,7920,0.966169
48,7940,0.941502
48,7960,0.872846
48,7980,0.854429
48,8000,0.948539
48,8020,0.956705
48,8040,0.959212
48,8060,0.961888
48,8080,0.961764
48,8100,0.960583
48,8120,0.684233
48,8140,0.926387
48,8160,0.974469
48,8180,0.979258
48,8200,0.951130
48,8220,0.853897
48,8240,0.688026
48,8260,0.968933
48,8280,0.981555
48,8300,0.983793
48,8320,0.986120
48,8340,0.985081
48,8360,0.984532
48,8380,0.985002
48,8400,0.984926
48,8420,0.984849
48,8440,0.985249
48,8460,0.984927
48,8480,0.984109
48,8500,0.983479
48,8520,0.984827
48,8540,0.983191
48,8560,0.943083
48,8580,0.878454
48,8600,0.954601
48,8620,0.943759
48,8640,0.891222
48,8660,0.902803
48,8680,0.791005
48,8700,0.882176
48,8720,0.969313
48,8740,0.968208
48,8760,0.972536
48,8780,0.972831
48,8800,0.971287
48,8820,0.970376
48,8840,0.970517
48,8860,0.971134
48,8880,0.970347
48,8900,0.971150
48,8920,0.971079
48,8940,0.971808
48,8960,0.971477
48,8980,0.947854
96,0,0.054887
96,20,0.075243
96,40,0.177553
96,60,0.135579
96,80,0.195194
96,100,0.250843
96,120,0.248370
96,140,0.269055
96,160,0.417097
96,180,0.495108
96,200,0.507419
96,220,0.431089
96,240,0.353157
96,260,0.391684
96,280,0.340201
96,300,0.323835
96,320,0.300525
96,340,0.268560
96,360,0.153400
96,380,0.343794
96,400,0.364113
96,420,0.397051
96,440,0.360273
96,460,0.408815
96,480,0.463258
96,500,0.433203
96,520,0.431120
96,540,0.409730
96,560,0.396386
96,580,0.327540
96,600,0.308821
96,620,0.306492
96,640,0.530987
96,660,0.555083
96,680,0.552630
96,700,0.560857
96,720,0.553884
96,740,0.541651
96,760,0.463977
96,780,0.365939
96,800,0.267810
96,820,0.305914
96,840,0.245891
96,860,0.612837
96,880,0.598240
96,900,0.591252
96,920,0.590944
96,940,0.592738
96,960,0.598337
96,980,0.550984
96,1000,0.405562
96,1020,0.325352
96,1040,0.322315
96,1060,0.374723
96,1080,0.422436
96,1100,0.599984
96,1120,0.580571
96,1140,0.608033
96,1160,0.733413
96,1180,0.907712
96,1200,0.399585
96,1220,0.663269
96,1240,0.695134
96,1260,0.701784
96,1280,0.701641
96,1300,0.702894
96,1320,0.701297
96,1340,0.697760
96,1360,0.690891
96,1380,0.690668
96,1400,0.690995
96,1420,0.647221
96,1440,0.652125
96,1460,0.734537
96,1480,0.882536
96,1500,0.894122
96,1520,0.895822
96,1540,0.809162
96,1560,0.425191
96,1580,0.778676
96,1600,0.712461
96,1620,0.716592
96,1640,0.722265
96,1660,0.717981
96,1680,0.729203
96,1700,0.726564
96,1720,0.718723
96,1740,0.714752
96,1760,0.709187
96,1780,0.704140
96,1800,0.702198
96,1820,0.722160
96,1840,0.871563
96,1860,0.811168
96,1880,0.779699
96,1900,0.720954
96,1920,0.533327
96,1940,0.664190
96,1960,0.764681
96,1980,0.739354
96,2000,0.773020
96,2020,0.787981
96,2040,0.737253
96,2060,0.781810
96,2080,0.827350
96,2100,0.821367
96,2120,0.827584
96,2140,0.820087
96,2160,0.813777
96,2180,0.832931
96,2200,0.785473
96,2220,0.768072
96,2240,0.765227
96,2260,0.764776
96,2280,0.760584
96,2300,0.733833
96,2320,0.676629
96,2340,0.508004
96,2360,0.914381
96,2380,0.936470
96,2400,0.938751
96,2420,0.941788
96,2440,0.946852
96,2460,0.944181
96,2480,0.938296
96,2500,0.889865
96,2520,0.876616
96,2540,0.871150
96,2560,0.766922
96,2580,0.678645
96,2600,0.569242
96,2620,0.561597
96,2640,0.810362
96,2660,0.839109
96,2680,0.841101
96,2700,0.835704
96,2720,0.836195
96,2740,0.833693
96,2760,0.561581
96,2780,0.895073
96,2800,0.947559
96,2820,0.945044
96,2840,0.957963
96,2860,0.970895
96,2880,0.955398
96,2900,0.970867
96,2920,0.955900
96,2940,0.923552
96,2960,0.936978
96,2980,0.938096
96,3000,0.937625
96,3020,0.935049
96,3040,0.935254
96,3060,0.845306
96,3080,0.630052
96,3100,0.647018
96,3120,0.770917
96,3140,0.769099
96,3160,0.773318
96,3180,0.726870
96,3200,0.709770
96,3220,0.899444
96,3240,0.911482
96,3260,0.918931
96,3280,0.919040
96,3300,0.776170
96,3320,0.824820
96,3340,0.952595
96,3360,0.938143
96,3380,0.897453
96,3400,0.869977
96,3420,0.780388
96,3440,0.795578
96,3460,0.797327
96,3480,0.780484
96,3500,0.770316
96,3520,0.764472
96,3540,0.804227
96,3560,0.911137
96,3580,0.977212
96,3600,0.981885
96,3620,0.937320
96,3640,0.861616
96,3660,0.971126
96,3680,0.988059
96,3700,0.982707
96,3720,0.971480
96,3740,0.965493
96,3760,0.654239
96,3780,0.765445
96,3800,0.982153
96,3820,0.991080
96,3840,0.992908
96,3860,0.993758
96,3880,0.992890
96,3900,0.992314
96,3920,0.992447
96,3940,0.992583
96,3960,0.992329
96,3980,0.992071
96,4000,0.991542
96,4020,0.991961
96,4040,0.992242
96,4060,0.991272
96,4080,0.955103
96,4100,0.838137
96,4120,0.888206
96,4140,0.982734
96,4160,0.752979
96,4180,0.794730
96,4200,0.980962
96,4220,0.987354
96,4240,0.991360
96,4260,0.992560
96,4280,0.992432
96,4300,0.991629
96,4320,0.991122
96,4340,0.990106
96,4360,0.990874
96,4380,0.991952
96,4400,0.991287
96,4420,0.991232
96,4440,0.991690
96,4460,0.992035
96,4480,0.991204
96,4500,0.992494
96,4520,0.979102
96,4540,0.918024
96,4560,0.885350
96,4580,0.810967
96,4600,0.889088
96,4620,0.987824
96,4640,0.679957
96,4660,0.979839
96,4680,0.987921
96,4700,0.989953
96,4720,0.993673
96,4740,0.994437
96,4760,0.993353
96,4780,0.992332
96,4800,0.992163
96,4820,0.992371
96,4840,0.991940
96,4860,0.990900
96,4880,0.960425
96,4900,0.960939
96,4920,0.863409
96,4940,0.634131
96,4960,0.962668
96,4980,0.987853
96,5000,0.991587
96,5020,0.991366
96,5040,0.992208
96,5060,0.992055
96,5080,0.991651
96,5100,0.991041
96,5120,0.990746
96,5140,0.980547
96,5160,0.906536
96,5180,0.891846
96,5200,0.983471
96,5220,0.884069
96,5240,0.764507
96,5260,0.974498
96,5280,0.989344
96,5300,0.992316
96,5320,0.992527
96,5340,0.992418
96,5360,0.991827
96,5380,0.991184
96,5400,0.778324
96,5420,0.847622
96,5440,0.977602
96,5460,0.987895
96,5480,0.991594
96,5500,0.992683
96,5520,0.992888
96,5540,0.993825
96,5560,0.993046
96,5580,0.992032
96,5600,0.992532
96,5620,0.992617
96,5640,0.992485
96,5660,0.992274
96,5680,0.993252
96,5700,0.992515
96,5720,0.993071
96,5740,0.993409
96,5760,0.984012
96,5780,0.961262
96,5800,0.867974
96,5820,0.518792
96,5840,0.404456
96,5860,0.970697
96,5880,0.992151
96,5900,0.993773
96,5920,0.992955
96,5940,0.993458
96,5960,0.993728
96,5980,0.994141
96,6000,0.993083
96,6020,0.992618
96,6040,0.992795
96,6060,0.992046
96,6080,0.961403
96,6100,0.880303
96,6120,0.548575
96,6140,0.957119
96,6160,0.985701
96,6180,0.991119
96,6200,0.991898
96,6220,0.992367
96,6240,0.991797
96,6260,0.991239
96,6280,0.991785
96,6300,0.990759
96,6320,0.964133
96,6340,0.889372
96,6360,0.770512
96,6380,0.965959
96,6400,0.988449
96,6420,0.991127
96,6440,0.990689
96,6460,0.992025
96,6480,0.992712
96,6500,0.993030
96,6520,0.978105
96,6540,0.913300
96,6560,0.767168
96,6580,0.618047
96,6600,0.882368
96,6620,0.987391
96,6640,0.992393
96,6660,0.993332
96,6680,0.993507
96,6700,0.992123
96,6720,0.991626
96,6740,0.990424
96,6760,0.991195
96,6780,0.962789
96,6800,0.915696
96,6820,0.464617
96,6840,0.947941
96,6860,0.986692
96,6880,0.989534
96,6900,0.992759
96,6920,0.992575
96,6940,0.992483
96,6960,0.992783
96,6980,0.992358
96,7000,0.991536
96,7020,0.992157
96,7040,0.991803
96,7060,0.991995
96,7080,0.850249
96,7100,0.894643
96,7120,0.984622
96,7140,0.989356
96,7160,0.992326
96,7180,0.992860
96,7200,0.993119
96,7220,0.992704
96,7240,0.861642
96,7260,0.821056
96,7280,0.797665
96,7300,0.729503
96,7320,0.983847
96,7340,0.990765
96,7360,0.993257
96,7380,0.993766
96,7400,0.993006
96,7420,0.990581
96,7440,0.991186
96,7460,0.992126
96,7480,0.991796
96,7500,0.992146
96,7520,0.992841
96,7540,0.992823
96,7560,0.992916
96,7580,0.950979
96,7600,0.941311
96,7620,0.892874
96,7640,0.982635
96,7660,0.989137
96,7680,0.991659
96,7700,0.992919
96,7720,0.973819
96,7740,0.902776
96,7760,0.434967
96,7780,0.878283
96,7800,0.988457
96,7820,0.992633
96,7840,0.992589
96,7860,0.992683
96,7880,0.992286
96,7900,0.991876
96,7920,0.991985
96,7940,0.990942
96,7960,0.989730
96,7980,0.990089
96,8000,0.965216
96,8020,0.962637
96,8040,0.948617
96,8060,0.748358
96,8080,0.957280
96,8100,0.984596
96,8120,0.988833
96,8140,0.992820
96,8160,0.993485
96,8180,0.765424
96,8200,0.880027
96,8220,0.984022
96,8240,0.988146
96,8260,0.991330
96,8280,0.992139
96,8300,0.991650
96,8320,0.992204
96,8340,0.993236
96,8360,0.993546
96,8380,0.992632
96,8400,0.991716
96,8420,0.992533
96,8440,0.993175
96,8460,0.975295
96,8480,0.894449
96,8500,0.916563
96,8520,0.983116
96,8540,0.943105
96,8560,0.724988
96,8580,0.955729
96,8600,0.988985
96,8620,0.993406
96,8640,0.900966
96,8660,0.422170
96,8680,0.969107
96,8700,0.986532
96,8720,0.989534
96,8740,0.992390
96,8760,0.992467
96,8780,0.991873
96,8800,0.991752
96,8820,0.992643
96,8840,0.993435
96,8860,0.993202
96,8880,0.991867
96,8900,0.991273
96,8920,0.991494
96,8940,0.991685
96,8960,0.992102
96,8980,0.965713
192,0,0.058735
192,20,0.108126
192,40,0.153416
192,60,0.199866
192,80,0.233541
192,100,0.352657
192,120,0.494892
192,140,0.575898
192,160,0.628504
192,180,0.699785
192,200,0.695039
192,220,0.523822
192,240,0.761183
192,260,0.692529
192,280,0.482845
192,300,0.250333
192,320,0.222707
192,340,0.264100
192,360,0.298162
192,380,0.548099
192,400,0.633147
192,420,0.648012
192,440,0.646024
192,460,0.645383
192,480,0.607863
192,500,0.584398
192,520,0.560534
192,540,0.475279
192,560,0.281180
192,580,0.274774
192,600,0.278738
192,620,0.686858
192,640,0.927382
192,660,0.910500
192,680,0.829848
192,700,0.865329
192,720,0.811332
192,740,0.824812
192,760,0.763391
192,780,0.770203
192,800,0.725207
192,820,0.772192
192,840,0.807816
192,860,0.841532
192,880,0.902328
192,900,0.927134
192,920,0.918018
192,940,0.944083
192,960,0.506440
192,980,0.807204
192,1000,0.974537
192,1020,0.991849
192,1040,0.894906
192,1060,0.355354
192,1080,0.875483
192,1100,0.986476
192,1120,0.991565
192,1140,0.993554
192,1160,0.993040
192,1180,0.992655
192,1200,0.992508
192,1220,0.993202
192,1240,0.992904
192,1260,0.963378
192,1280,0.869164
192,1300,0.768181
192,1320,0.919907
192,1340,0.969622
192,1360,0.985983
192,1380,0.991101
192,1400,0.991683
192,1420,0.993085
192,1440,0.992644
192,1460,0.990096
192,1480,0.918657
192,1500,0.810434
192,1520,0.864408
192,1540,0.980867
192,1560,0.989153
192,1580,0.992387
192,1600,0.926206
192,1620,0.612027
192,1640,0.915999
192,1660,0.983237
192,1680,0.988420
192,1700,0.991055
192,1720,0.992337
192,1740,0.992385
192,1760,0.992999
192,1780,0.992024
192,1800,0.992448
192,1820,0.992049
192,1840,0.992498
192,1860,0.991356
192,1880,0.991563
192,1900,0.964335
192,1920,0.927436
192,1940,0.832931
192,1960,0.858332
192,1980,0.979818
192,2000,0.990231
192,2020,0.992990
192,2040,0.965370
192,2060,0.785845
192,2080,0.925044
192,2100,0.985312
192,2120,0.991153
192,2140,0.968270
192,2160,0.450137
192,2180,0.964288
192,2200,0.986189
192,2220,0.989856
192,2240,0.993082
192,2260,0.993616
192,2280,0.993002
192,2300,0.992748
192,2320,0.992757
192,2340,0.992349
192,2360,0.991663
192,2380,0.991759
192,2400,0.992508
192,2420,0.992113
192,2440,0.991466
192,2460,0.992786
192,2480,0.993078
192,2500,0.993455
192,2520,0.992704
192,2540,0.948423
192,2560,0.865480
192,2580,0.715494
192,2600,0.563576
192,2620,0.935352
192,2640,0.989101
192,2660,0.992051
192,2680,0.993905
192,2700,0.993079
192,2720,0.992996
192,2740,0.992224
192,2760,0.991945
192,2780,0.992688
192,2800,0.992703
192,2820,0.992026
192,2840,0.992373
192,2860,0.992071
192,2880,0.991280
192,2900,0.991308
192,2920,0.992985
192,2940,0.990399
192,2960,0.966495
192,2980,0.952342
192,3000,0.886975
192,3020,0.971650
192,3040,0.989598
192,3060,0.838701
192,3080,0.786983
192,3100,0.701958
192,3120,0.982643
192,3140,0.991234
192,3160,0.993467
192,3180,0.993083
192,3200,0.992337
192,3220,0.992547
192,3240,0.991734
192,3260,0.991664
192,3280,0.991823
192,3300,0.991292
192,3320,0.992176
192,3340,0.993137
192,3360,0.993110
192,3380,0.985797
192,3400,0.817318
192,3420,0.814583
192,3440,0.975930
192,3460,0.987008
192,3480,0.991247
192,3500,0.991919
192,3520,0.992353
192,3540,0.790027
192,3560,0.885566
192,3580,0.984205
192,3600,0.989462
192,3620,0.993094
192,3640,0.994104
192,3660,0.849011
192,3680,0.795125
192,3700,0.980774
192,3720,0.988231
192,3740,0.990477
192,3760,0.992257
192,3780,0.992084
192,3800,0.991429
192,3820,0.990587
192,3840,0.989772
192,3860,0.877738
192,3880,0.749844
192,3900,0.899206
192,3920,0.984464
192,3940,0.990390
192,3960,0.992663
192,3980,0.992407
192,4000,0.991119
192,4020,0.992163
192,4040,0.991795
192,4060,0.991993
192,4080,0.966897
192,4100,0.980969
192,4120,0.825999
192,4140,0.951189
192,4160,0.984392
192,4180,0.946813
192,4200,0.720900
192,4220,0.957748
192,4240,0.987094
192,4260,0.990435
192,4280,0.992475
192,4300,0.993267
192,4320,0.992649
192,4340,0.991580
192,4360,0.866923
192,4380,0.537478
192,4400,0.943660
192,4420,0.988181
192,4440,0.990031
192,4460,0.993728
192,4480,0.993189
192,4500,0.993762
192,4520,0.992038
192,4540,0.992488
192,4560,0.992460
192,4580,0.992497
192,4600,0.992874
192,4620,0.992088
192,4640,0.991831
192,4660,0.991655
192,4680,0.853077
192,4700,0.789694
192,4720,0.737947
192,4740,0.963525
192,4760,0.994215
192,4780,0.994204
192,4800,0.993864
192,4820,0.993635
192,4840,0.899249
192,4860,0.889309
192,4880,0.984491
192,4900,0.988388
192,4920,0.991021
192,4940,0.992943
192,4960,0.993290
192,4980,0.992872
192,5000,0.992535
192,5020,0.992577
192,5040,0.993011
192,5060,0.992272
192,5080,0.991951
192,5100,0.963991
192,5120,0.944229
192,5140,0.839977
192,5160,0.809769
192,5180,0.975194
192,5200,0.988420
192,5220,0.991773
192,5240,0.992662
192,5260,0.992881
192,5280,0.992831
192,5300,0.993321
192,5320,0.993017
192,5340,0.918360
192,5360,0.767983
192,5380,0.914755
192,5400,0.678807
192,5420,0.953569
192,5440,0.990036
192,5460,0.992600
192,5480,0.992547
192,5500,0.992552
192,5520,0.992346
192,5540,0.992690
192,5560,0.991692
192,5580,0.992433
192,5600,0.992967
192,5620,0.764717
192,5640,0.831821
192,5660,0.978956
192,5680,0.988835
192,5700,0.991194
192,5720,0.993266
192,5740,0.993751
192,5760,0.992877
192,5780,0.993340
192,5800,0.992487
192,5820,0.937380
192,5840,0.683738
192,5860,0.936007
192,5880,0.985225
192,5900,0.989147
192,5920,0.990896
192,5940,0.991482
192,5960,0.992183
192,5980,0.992100
192,6000,0.991347
192,6020,0.939764
192,6040,0.888955
192,6060,0.821111
192,6080,0.979078
192,6100,0.987577
192,6120,0.991166
192,6140,0.915047
192,6160,0.739052
192,6180,0.970421
192,6200,0.989551
192,6220,0.992123
192,6240,0.992073
192,6260,0.992536
192,6280,0.992368
192,6300,0.896611
192,6320,0.706816
192,6340,0.881858
192,6360,0.978968
192,6380,0.988047
192,6400,0.988791
192,6420,0.991669
192,6440,0.992374
192,6460,0.992660
192,6480,0.992488
192,6500,0.992299
192,6520,0.991603
192,6540,0.992047
192,6560,0.993074
192,6580,0.992623
192,6600,0.991944
192,6620,0.991966
192,6640,0.992930
192,6660,0.976898
192,6680,0.935927
192,6700,0.931429
192,6720,0.850510
192,6740,0.934821
192,6760,0.437003
192,6780,0.988166
192,6800,0.989309
192,6820,0.991266
192,6840,0.993648
192,6860,0.993713
192,6880,0.993935
192,6900,0.993650
192,6920,0.992102
192,6940,0.991288
192,6960,0.991374
192,6980,0.992011
192,7000,0.961372
192,7020,0.928419
192,7040,0.774771
192,7060,0.860625
192,7080,0.983581
192,7100,0.990623
192,7120,0.992190
192,7140,0.992072
192,7160,0.991801
192,7180,0.992734
192,7200,0.993146
192,7220,0.992404
192,7240,0.939639
192,7260,0.771937
192,7280,0.860553
192,7300,0.979679
192,7320,0.989582
192,7340,0.991630
192,7360,0.993396
192,7380,0.993047
192,7400,0.991870
192,7420,0.978952
192,7440,0.953685
192,7460,0.902242
192,7480,0.682881
192,7500,0.759714
192,7520,0.979679
192,7540,0.991844
192,7560,0.991907
192,7580,0.991976
192,7600,0.992824
192,7620,0.991969
192,7640,0.991470
192,7660,0.991931
192,7680,0.990523
192,7700,0.989952
192,7720,0.900842
192,7740,0.580204
192,7760,0.956606
192,7780,0.986628
192,7800,0.990420
192,7820,0.991417
192,7840,0.992735
192,7860,0.992205
192,7880,0.990857
192,7900,0.990929
192,7920,0.991094
192,7940,0.919404
192,7960,0.741897
192,7980,0.918402
192,8000,0.984417
192,8020,0.990746
192,8040,0.992619
192,8060,0.992674
192,8080,0.992941
192,8100,0.971063
192,8120,0.876405
192,8140,0.935187
192,8160,0.985711
192,8180,0.989792
192,8200,0.991523
192,8220,0.537840
192,8240,0.941296
192,8260,0.985320
192,8280,0.990652
192,8300,0.992754
192,8320,0.992897
192,8340,0.992994
192,8360,0.992564
192,8380,0.992096
192,8400,0.992375
192,8420,0.991272
192,8440,0.992397
192,8460,0.966635
192,8480,0.856139
192,8500,0.901056
192,8520,0.985301
192,8540,0.989433
192,8560,0.992329
192,8580,0.993955
192,8600,0.993108
192,8620,0.952573
192,8640,0.855280
192,8660,0.961988
192,8680,0.987190
192,8700,0.839215
192,8720,0.773350
192,8740,0.979779
192,8760,0.988683
192,8780,0.991197
192,8800,0.991501
192,8820,0.992487
192,8840,0.992353
192,8860,0.991688
192,8880,0.991615
192,8900,0.991043
192,8920,0.991344
192,8940,0.991181
192,8960,0.992219
192,8980,0.992464
384,0,0.062684
384,20,0.252432
384,40,0.618736
384,60,0.855574
384,80,0.848086
384,100,0.820393
384,120,0.791546
384,140,0.784806
384,160,0.683029
384,180,0.731656
384,200,0.657857
384,220,0.600823
384,240,0.511332
384,260,0.535532
384,280,0.562763
384,300,0.516801
384,320,0.392360
384,340,0.830189
384,360,0.912107
384,380,0.973008
384,400,0.987495
384,420,0.984480
384,440,0.957751
384,460,0.959394
384,480,0.907699
384,500,0.959589
384,520,0.598738
384,540,0.880134
384,560,0.751705
384,580,0.836866
384,600,0.892933
384,620,0.946220
384,640,0.989581
384,660,0.989667
384,680,0.985941
384,700,0.985242
384,720,0.988614
384,740,0.989936
384,760,0.991412
384,780,0.967333
384,800,0.979014
384,820,0.959694
384,840,0.864046
384,860,0.957796
384,880,0.987182
384,900,0.990632
384,920,0.993307
384,940,0.806945
384,960,0.764606
384,980,0.982944
384,1000,0.988358
384,1020,0.990352
384,1040,0.992491
384,1060,0.993369
384,1080,0.992584
384,1100,0.991642
384,1120,0.992335
384,1140,0.991457
384,1160,0.992171
384,1180,0.992650
384,1200,0.993477
384,1220,0.992434
384,1240,0.993457
384,1260,0.992881
384,1280,0.993687
384,1300,0.982046
384,1320,0.839885
384,1340,0.788590
384,1360,0.952099
384,1380,0.992944
384,1400,0.962396
384,1420,0.661558
384,1440,0.989564
384,1460,0.988249
384,1480,0.990128
384,1500,0.992234
384,1520,0.993095
384,1540,0.993201
384,1560,0.992863
384,1580,0.991855
384,1600,0.991612
384,1620,0.991693
384,1640,0.992033
384,1660,0.991792
384,1680,0.899101
384,1700,0.665147
384,1720,0.928666
384,1740,0.985527
384,1760,0.990556
384,1780,0.991502
384,1800,0.991733
384,1820,0.991842
384,1840,0.992619
384,1860,0.992636
384,1880,0.991531
384,1900,0.990813
384,1920,0.968211
384,1940,0.916449
384,1960,0.859759
384,1980,0.812157
384,2000,0.734134
384,2020,0.971792
384,2040,0.989950
384,2060,0.993246
384,2080,0.992899
384,2100,0.991841
384,2120,0.992031
384,2140,0.990596
384,2160,0.893866
384,2180,0.599571
384,2200,0.923250
384,2220,0.985280
384,2240,0.989170
384,2260,0.991466
384,2280,0.993727
384,2300,0.993106
384,2320,0.992331
384,2340,0.991723
384,2360,0.992605
384,2380,0.992507
384,2400,0.993385
384,2420,0.993227
384,2440,0.960968
384,2460,0.939858
384,2480,0.900553
384,2500,0.960126
384,2520,0.987781
384,2540,0.990109
384,2560,0.992584
384,2580,0.798691
384,2600,0.850974
384,2620,0.978412
384,2640,0.988490
384,2660,0.965902
384,2680,0.607786
384,2700,0.935547
384,2720,0.985784
384,2740,0.990221
384,2760,0.991816
384,2780,0.991932
384,2800,0.992342
384,2820,0.991901
384,2840,0.991827
384,2860,0.991787
384,2880,0.992325
384,2900,0.991705
384,2920,0.991722
384,2940,0.992180
384,2960,0.993034
384,2980,0.943762
384,3000,0.834463
384,3020,0.791101
384,3040,0.839856
384,3060,0.813568
384,3080,0.984904
384,3100,0.990936
384,3120,0.994169
384,3140,0.993895
384,3160,0.993326
384,3180,0.894996
384,3200,0.746800
384,3220,0.983689
384,3240,0.988791
384,3260,0.991421
384,3280,0.992809
384,3300,0.992112
384,3320,0.992565
384,3340,0.993243
384,3360,0.992498
384,3380,0.991133
384,3400,0.991747
384,3420,0.992214
384,3440,0.992948
384,3460,0.993600
384,3480,0.968255
384,3500,0.907308
384,3520,0.844307
384,3540,0.908650
384,3560,0.725940
384,3580,0.823566
384,3600,0.985476
384,3620,0.990000
384,3640,0.992857
384,3660,0.991817
384,3680,0.990839
384,3700,0.992505
384,3720,0.993285
384,3740,0.993339
384,3760,0.991642
384,3780,0.991306
384,3800,0.990889
384,3820,0.991579
384,3840,0.972989
384,3860,0.984923
384,3880,0.938003
384,3900,0.770947
384,3920,0.936566
384,3940,0.982480
384,3960,0.989027
384,3980,0.992433
384,4000,0.613316
384,4020,0.947636
384,4040,0.987105
384,4060,0.990788
384,4080,0.990600
384,4100,0.991774
384,4120,0.991663
384,4140,0.862460
384,4160,0.860227
384,4180,0.980390
384,4200,0.988963
384,4220,0.992694
384,4240,0.993224
384,4260,0.992781
384,4280,0.992742
384,4300,0.993100
384,4320,0.993214
384,4340,0.992978
384,4360,0.992781
384,4380,0.988809
384,4400,0.832328
384,4420,0.909749
384,4440,0.984014
384,4460,0.842444
384,4480,0.665913
384,4500,0.976967
384,4520,0.989673
384,4540,0.991904
384,4560,0.992009
384,4580,0.992467
384,4600,0.992178
384,4620,0.991714
384,4640,0.990479
384,4660,0.990638
384,4680,0.946146
384,4700,0.813820
384,4720,0.866803
384,4740,0.982624
384,4760,0.990017
384,4780,0.992957
384,4800,0.993403
384,4820,0.991466
384,4840,0.992042
384,4860,0.990472
384,4880,0.965238
384,4900,0.701368
384,4920,0.959612
384,4940,0.987173
384,4960,0.961402
384,4980,0.511778
384,5000,0.926656
384,5020,0.985227
384,5040,0.989004
384,5060,0.992449
384,5080,0.993569
384,5100,0.992409
384,5120,0.991639
384,5140,0.991702
384,5160,0.991778
384,5180,0.991922
384,5200,0.991634
384,5220,0.991600
384,5240,0.993470
384,5260,0.993769
384,5280,0.993167
384,5300,0.976454
384,5320,0.918327
384,5340,0.936287
384,5360,0.714029
384,5380,0.900494
384,5400,0.988729
384,5420,0.992153
384,5440,0.994150
384,5460,0.931458
384,5480,0.536832
384,5500,0.969033
384,5520,0.988506
384,5540,0.990971
384,5560,0.992618
384,5580,0.992345
384,5600,0.992997
384,5620,0.993233
384,5640,0.991624
384,5660,0.990471
384,5680,0.991629
384,5700,0.992752
384,5720,0.991624
384,5740,0.992079
384,5760,0.991272
384,5780,0.991134
384,5800,0.981985
384,5820,0.911599
384,5840,0.841074
384,5860,0.729682
384,5880,0.858424
384,5900,0.990376
384,5920,0.994307
384,5940,0.976443
384,5960,0.728040
384,5980,0.987251
384,6000,0.988478
384,6020,0.989682
384,6040,0.992471
384,6060,0.993062
384,6080,0.992481
384,6100,0.992364
384,6120,0.991622
384,6140,0.991638
384,6160,0.991245
384,6180,0.991167
384,6200,0.991829
384,6220,0.991989
384,6240,0.932739
384,6260,0.702398
384,6280,0.917450
384,6300,0.984931
384,6320,0.990114
384,6340,0.992169
384,6360,0.993014
384,6380,0.992546
384,6400,0.964138
384,6420,0.678484
384,6440,0.957984
384,6460,0.985181
384,6480,0.991319
384,6500,0.992462
384,6520,0.993125
384,6540,0.993323
384,6560,0.993046
384,6580,0.992020
384,6600,0.991729
384,6620,0.952479
384,6640,0.871253
384,6660,0.948953
384,6680,0.987029
384,6700,0.989715
384,6720,0.804079
384,6740,0.863688
384,6760,0.979377
384,6780,0.990919
384,6800,0.992409
384,6820,0.992117
384,6840,0.991326
384,6860,0.991248
384,6880,0.902725
384,6900,0.775921
384,6920,0.887267
384,6940,0.984211
384,6960,0.990832
384,6980,0.992760
384,7000,0.992729
384,7020,0.992302
384,7040,0.992107
384,7060,0.991291
384,7080,0.991775
384,7100,0.993420
384,7120,0.993182
384,7140,0.993642
384,7160,0.993070
384,7180,0.952493
384,7200,0.806550
384,7220,0.660718
384,7240,0.938731
384,7260,0.990859
384,7280,0.994060
384,7300,0.993957
384,7320,0.993649
384,7340,0.993402
384,7360,0.991315
384,7380,0.958077
384,7400,0.346624
384,7420,0.959230
384,7440,0.986774
384,7460,0.991118
384,7480,0.992935
384,7500,0.992647
384,7520,0.993555
384,7540,0.993281
384,7560,0.993194
384,7580,0.993249
384,7600,0.992364
384,7620,0.990957
384,7640,0.991869
384,7660,0.993301
384,7680,0.884541
384,7700,0.641803
384,7720,0.937175
384,7740,0.985236
384,7760,0.989414
384,7780,0.991384
384,7800,0.992150
384,7820,0.968078
384,7840,0.904414
384,7860,0.760835
384,7880,0.950819
384,7900,0.984004
384,7920,0.989628
384,7940,0.993169
384,7960,0.967095
384,7980,0.809961
384,8000,0.922090
384,8020,0.986081
384,8040,0.990480
384,8060,0.991571
384,8080,0.991839
384,8100,0.993186
384,8120,0.963591
384,8140,0.873503
384,8160,0.594863
384,8180,0.933337
384,8200,0.985621
384,8220,0.989980
384,8240,0.989813
384,8260,0.991441
384,8280,0.989763
384,8300,0.989725
384,8320,0.991340
384,8340,0.991976
384,8360,0.992748
384,8380,0.991964
384,8400,0.947597
384,8420,0.873431
384,8440,0.905893
384,8460,0.985564
384,8480,0.989579
384,8500,0.959072
384,8520,0.664369
384,8540,0.955639
384,8560,0.987150
384,8580,0.991955
384,8600,0.992191
384,8620,0.991206
384,8640,0.960581
384,8660,0.594927
384,8680,0.930857
384,8700,0.984980
384,8720,0.989953
384,8740,0.992351
384,8760,0.993363
384,8780,0.993727
384,8800,0.993081
384,8820,0.992323
384,8840,0.991480
384,8860,0.992093
384,8880,0.992279
384,8900,0.992670
384,8920,0.992665
384,8940,0.992887
384,8960,0.992411
384,8980,0.964855
