alignment_radius,seed,mean_phi,sem_phi_within_run,mean_neighbours,rms_spread
6,1000,0.287656,0.001838,0.0839,596.90
6,1001,0.282784,0.001926,0.0828,691.23
6,1002,0.273629,0.001857,0.0556,705.17
6,1003,0.271637,0.001651,0.1203,822.85
6,1004,0.322281,0.001888,0.1097,753.52
6,1005,0.330318,0.001921,0.1369,740.04
6,1006,0.218125,0.001371,0.1011,686.04
6,1007,0.266423,0.001919,0.0669,908.20
6,1008,0.275199,0.002010,0.0625,637.42
6,1009,0.372844,0.001571,0.1086,563.93
6,1010,0.380909,0.002031,0.1067,697.70
6,1011,0.371027,0.002032,0.1375,743.12
12,1000,0.375611,0.002695,1.2317,706.31
12,1001,0.521028,0.002830,1.2658,584.21
12,1002,0.579357,0.002116,1.7800,616.02
12,1003,0.741849,0.001883,2.4664,144.71
12,1004,0.608033,0.003137,2.0658,446.80
12,1005,0.689863,0.002061,1.9653,274.74
12,1006,0.647111,0.002003,1.9464,444.39
12,1007,0.523389,0.002121,1.1969,673.49
12,1008,0.520866,0.001827,1.1406,667.87
12,1009,0.714439,0.001670,2.0922,331.11
12,1010,0.466432,0.001930,1.3028,739.74
12,1011,0.729862,0.002107,2.4139,147.99
24,1000,0.733503,0.002978,15.1467,583.79
24,1001,0.651199,0.004098,14.4547,627.18
24,1002,0.759902,0.002427,16.3778,580.20
24,1003,0.596831,0.002577,11.7586,759.23
24,1004,0.817447,0.001598,19.6436,500.61
24,1005,0.495868,0.003658,9.9250,859.08
24,1006,0.735826,0.003230,17.0564,603.48
24,1007,0.715424,0.004279,18.3711,482.02
24,1008,0.549504,0.003055,14.5939,749.67
24,1009,0.947212,0.001725,27.1250,88.58
24,1010,0.791674,0.003031,18.3864,443.11
24,1011,0.627664,0.002749,13.3717,726.54
36,1000,0.820467,0.002032,30.0964,515.70
36,1001,0.947604,0.001830,42.1814,90.86
36,1002,0.752100,0.004017,27.7850,502.77
36,1003,0.701259,0.002580,24.1283,665.15
36,1004,0.953541,0.001704,41.9617,93.03
36,1005,0.822189,0.001906,32.5514,468.57
36,1006,0.818955,0.001842,33.4650,486.95
36,1007,0.463119,0.002987,17.0314,874.85
36,1008,0.700817,0.004414,28.5558,571.90
36,1009,0.714900,0.002519,24.0797,654.81
36,1010,0.752242,0.002492,28.5369,635.38
36,1011,0.908696,0.001910,38.7589,241.01
48,1000,0.935772,0.001522,51.0683,162.65
48,1001,0.937593,0.001574,48.7100,184.90
48,1002,0.851332,0.003425,45.1467,287.84
48,1003,0.635506,0.002350,27.6022,722.44
48,1004,0.645178,0.003830,28.2894,687.09
48,1005,0.811896,0.003827,41.1125,382.83
48,1006,0.760016,0.002805,30.7303,618.14
48,1007,0.805920,0.003908,38.8767,361.11
48,1008,0.541758,0.003947,26.8181,735.34
48,1009,0.924387,0.001566,49.5078,245.08
48,1010,0.760932,0.002164,34.3531,591.12
48,1011,0.951213,0.001676,52.9192,89.00
72,1000,0.951726,0.001715,58.6414,86.33
72,1001,0.948659,0.001644,58.1139,90.81
72,1002,0.879224,0.002194,52.6581,297.57
72,1003,0.906815,0.002197,54.5208,209.19
72,1004,0.587495,0.003354,29.1403,770.31
72,1005,0.948603,0.001713,57.9561,90.18
72,1006,0.765115,0.003187,37.7900,515.87
72,1007,0.952379,0.001666,58.2911,89.58
72,1008,0.950360,0.001582,58.4983,88.54
72,1009,0.952668,0.001661,58.1169,90.00
72,1010,0.949397,0.001604,58.2056,90.17
72,1011,0.950050,0.001512,58.6558,87.61
96,1000,0.951490,0.001657,58.9322,88.68
96,1001,0.952429,0.001641,58.9017,89.15
96,1002,0.948530,0.001777,58.9703,85.28
96,1003,0.949347,0.001600,58.9156,89.08
96,1004,0.951749,0.001623,58.7728,88.87
96,1005,0.951244,0.001640,58.6194,91.98
96,1006,0.948150,0.001747,58.9436,86.50
96,1007,0.952181,0.001605,58.5742,92.20
96,1008,0.951873,0.001565,58.8444,89.77
96,1009,0.949542,0.001697,58.8681,87.86
96,1010,0.951201,0.001702,58.8489,89.69
96,1011,0.949846,0.001897,58.7989,88.90
144,1000,0.949134,0.001639,58.9997,87.96
144,1001,0.951471,0.001489,59.0000,86.56
144,1002,0.947682,0.001583,59.0000,87.58
144,1003,0.953702,0.001593,58.9986,90.50
144,1004,0.949023,0.001765,58.9494,91.65
144,1005,0.953771,0.001609,58.9814,87.98
144,1006,0.949831,0.001691,59.0000,87.14
144,1007,0.952427,0.001586,59.0000,87.33
144,1008,0.950601,0.001734,59.0000,87.43
144,1009,0.949380,0.001781,58.9936,86.26
144,1010,0.952033,0.001621,58.9911,90.32
144,1011,0.950463,0.001545,58.9969,91.71
192,1000,0.951118,0.001629,59.0000,88.27
192,1001,0.949771,0.001730,59.0000,88.83
192,1002,0.952766,0.001540,59.0000,89.97
192,1003,0.950086,0.001562,59.0000,89.13
192,1004,0.951520,0.001615,59.0000,91.06
192,1005,0.950096,0.001622,59.0000,89.78
192,1006,0.948424,0.001678,59.0000,87.19
192,1007,0.948479,0.001747,58.9978,88.62
192,1008,0.949979,0.001821,59.0000,87.60
192,1009,0.949597,0.001534,59.0000,89.18
192,1010,0.950289,0.001610,59.0000,88.69
192,1011,0.952425,0.001468,58.9994,90.98
288,1000,0.945699,0.002107,59.0000,89.03
288,1001,0.948364,0.001646,59.0000,86.76
288,1002,0.948375,0.001633,59.0000,87.56
288,1003,0.950157,0.001668,59.0000,89.67
288,1004,0.950776,0.001606,59.0000,91.80
288,1005,0.950610,0.001587,59.0000,86.84
288,1006,0.950084,0.001792,59.0000,86.11
288,1007,0.949668,0.001548,59.0000,91.16
288,1008,0.950666,0.001862,59.0000,87.85
288,1009,0.950918,0.001607,59.0000,90.08
288,1010,0.950322,0.001672,59.0000,88.74
288,1011,0.950019,0.001670,59.0000,88.49
384,1000,0.954029,0.001542,59.0000,90.00
384,1001,0.949070,0.001724,59.0000,88.54
384,1002,0.950695,0.001472,59.0000,88.20
384,1003,0.950593,0.001662,59.0000,88.56
384,1004,0.951125,0.001615,59.0000,88.93
384,1005,0.949287,0.001622,59.0000,87.76
384,1006,0.948881,0.001686,59.0000,88.79
384,1007,0.950319,0.001499,59.0000,88.91
384,1008,0.951434,0.001642,59.0000,87.62
384,1009,0.951267,0.001677,59.0000,88.75
384,1010,0.949782,0.001733,59.0000,88.32
384,1011,0.948917,0.001679,59.0000,89.37
